Name,Reference,Date,Amount
Heritage Trust,Sub,4/6/2024,132
Capital Cab Co,CS816,4/6/2024,242
Bayside Wholesale,GB1-White,3/6/2024,840
MCO Cleaning Services,,29/05/2024,170.5
Bayside Club,,29/05/2024,130
PC Complete,,29/05/2024,2166.99
PowerDirect,C-20113,23/05/2024,108.6
Net Connect,O721-004,22/05/2024,54.13
SMART Agency,SM0195-70136,23/04/2024,4500
Central Copiers,945-ORC,4/4/2024,1063.56
7-Eleven,,29/05/2024,15.50
Central City Parking,,31/05/2024,54.00
Ridgeway,ORC01025,28/05/2024,6187.50
Amazon Online Shopping,AOS7473,28/05/2024,2382.00